Event,Year,x,Time,Medal,Gender,Name
50m Free,1988,25.49,25.49,Gold,Women's,x
50m Free,1988,25.64,25.64,Silver,Women's,y
50m Free,1988,25.71,25.71,Bronze,Women's,v
50m Free,1988,25.71,25.71,Bronze,Women's,s
50m Free,1992,24.79,24.79,Gold,Women's,dd
50m Free,1992,25.08,25.08,Silver,Women's,fsdf
50m Free,1992,25.23,25.23,Bronze,Women's,sdf
50m Free,1996,24.87,24.87,Gold,Women's,sfsd
50m Free,1996,24.9,24.9,Silver,Women's,fsdf
50m Free,1996,25.14,25.14,Bronze,Women's,fsdf
50m Free,2000,24.32,24.32,Gold,Women's,fsf
50m Free,2000,24.51,24.51,Silver,Women's,sfsd
50m Free,2000,24.63,24.63,Bronze,Women's,sdfs
50m Free,2004,24.58,24.58,Gold,Women's,dfs
50m Free,2004,24.89,24.89,Silver,Women's,fsdf
50m Free,2004,24.91,24.91,Bronze,Women's,fsdf
50m Free,2008,24.06,24.06,Gold,Women's,fd
50m Free,2008,24.07,24.07,Silver,Women's,fsdf
50m Free,2008,24.17,24.17,Bronze,Women's,fs
50m Free,2012,24.05,24.05,Gold,Women's,dfs
50m Free,2012,24.28,24.28,Silver,Women's,fds
50m Free,2012,24.39,24.39,Bronze,Women's,fs
50m Free,2016,24.07,24.07,Gold,Women's,fsdf
50m Free,2016,24.09,24.09,Silver,Women's,d
50m Free,2016,24.11,24.11,Bronze,Women's,d
100m Free,1912,01:22.2,82.2,Gold,Women's,
100m Free,1912,01:25.4,85.4,Silver,Women's,
100m Free,1912,01:27.0,87,Bronze,Women's,
100m Free,1920,01:13.6,73.6,Gold,Women's,
100m Free,1920,01:17.0,77,Silver,Women's,
100m Free,1920,01:17.2,77.2,Bronze,Women's,
100m Free,1924,01:12.4,72.4,Gold,Women's,
100m Free,1924,01:12.8,72.8,Silver,Women's,
100m Free,1924,01:14.2,74.2,Bronze,Women's,
100m Free,1928,01:11.0,71,Gold,Women's,
100m Free,1928,01:11.4,71.4,Silver,Women's,
100m Free,1928,01:13.6,73.6,Bronze,Women's,
100m Free,1932,01:06.8,66.8,Gold,Women's,
100m Free,1932,01:07.8,67.8,Silver,Women's,
100m Free,1932,01:09.3,69.3,Bronze,Women's,
100m Free,1936,01:05.9,65.9,Gold,Women's,
100m Free,1936,01:06.4,66.4,Silver,Women's,
100m Free,1936,01:06.6,66.6,Bronze,Women's,
100m Free,1948,01:06.3,66.3,Gold,Women's,
100m Free,1948,01:06.5,66.5,Silver,Women's,
100m Free,1948,01:07.6,67.6,Bronze,Women's,
100m Free,1952,01:06.8,66.8,Gold,Women's,
100m Free,1952,01:07.0,67,Silver,Women's,
100m Free,1952,01:07.1,67.1,Bronze,Women's,
100m Free,1956,01:02.0,62,Gold,Women's,
100m Free,1956,01:02.3,62.3,Silver,Women's,
100m Free,1956,01:05.1,65.1,Bronze,Women's,
100m Free,1960,01:01.2,61.2,Gold,Women's,
100m Free,1960,01:02.8,62.8,Silver,Women's,
100m Free,1960,01:03.1,63.1,Bronze,Women's,
100m Free,1964,59.5,59.5,Gold,Women's,
100m Free,1964,59.9,59.9,Silver,Women's,
100m Free,1964,01:00.8,60.8,Bronze,Women's,
100m Free,1968,01:00.0,60,Gold,Women's,
100m Free,1968,01:00.3,60.3,Silver,Women's,
100m Free,1968,01:00.3,60.3,Bronze,Women's,
100m Free,1972,58.59,58.59,Gold,Women's,
100m Free,1972,59.02,59.02,Silver,Women's,
100m Free,1972,59.06,59.06,Bronze,Women's,
100m Free,1976,55.65,55.65,Gold,Women's,
100m Free,1976,56.49,56.49,Silver,Women's,
100m Free,1976,56.65,56.65,Bronze,Women's,
100m Free,1980,54.79,54.79,Gold,Women's,
100m Free,1980,55.16,55.16,Silver,Women's,
100m Free,1980,55.65,55.65,Bronze,Women's,
100m Free,1984,55.92,55.92,Gold,Women's,
100m Free,1984,55.92,55.92,Silver,Women's,
100m Free,1984,56.08,56.08,Bronze,Women's,
100m Free,1988,54.93,54.93,Gold,Women's,
100m Free,1988,55.47,55.47,Silver,Women's,
100m Free,1988,55.49,55.49,Bronze,Women's,
100m Free,1992,54.64,54.64,Gold,Women's,
100m Free,1992,54.84,54.84,Silver,Women's,
100m Free,1992,54.94,54.94,Bronze,Women's,
100m Free,1996,54.5,54.5,Gold,Women's,
100m Free,1996,54.88,54.88,Silver,Women's,
100m Free,1996,54.93,54.93,Bronze,Women's,
100m Free,2000,53.83,53.83,Gold,Women's,
100m Free,2000,54.33,54.33,Silver,Women's,
100m Free,2000,54.43,54.43,Bronze,Women's,
100m Free,2004,53.84,53.84,Gold,Women's,
100m Free,2004,54.16,54.16,Silver,Women's,
100m Free,2004,54.4,54.4,Bronze,Women's,
100m Free,2008,53.12,53.12,Gold,Women's,
100m Free,2008,53.16,53.16,Silver,Women's,
100m Free,2008,53.39,53.39,Bronze,Women's,
100m Free,2012,53,53,Gold,Women's,
100m Free,2012,53.38,53.38,Silver,Women's,
100m Free,2012,53.44,53.44,Bronze,Women's,
100m Free,2016,52.7,52.7,Gold,Women's,
100m Free,2016,52.7,52.7,Silver,Women's,
100m Free,2016,52.99,52.99,Bronze,Women's,
100m Back,1924,01:23.2,83.2,Gold,Women's,
100m Back,1924,01:27.4,87.4,Silver,Women's,
100m Back,1924,01:28.2,88.2,Bronze,Women's,
100m Back,1928,01:22.0,82,Gold,Women's,
100m Back,1928,01:22.2,82.2,Silver,Women's,
100m Back,1928,01:22.8,82.8,Bronze,Women's,
100m Back,1932,01:19.4,79.4,Gold,Women's,
100m Back,1932,01:21.3,81.3,Silver,Women's,
100m Back,1932,01:22.5,82.5,Bronze,Women's,
100m Back,1936,01:18.9,78.9,Gold,Women's,
100m Back,1936,01:19.2,79.2,Silver,Women's,
100m Back,1936,01:19.4,79.4,Bronze,Women's,
100m Back,1948,01:14.4,74.4,Gold,Women's,
100m Back,1948,01:16.0,76,Silver,Women's,
100m Back,1948,01:16.7,76.7,Bronze,Women's,
100m Back,1952,01:14.3,74.3,Gold,Women's,
100m Back,1952,01:14.5,74.5,Silver,Women's,
100m Back,1952,01:15.8,75.8,Bronze,Women's,
100m Back,1956,01:12.9,72.9,Gold,Women's,
100m Back,1956,01:12.9,72.9,Silver,Women's,
100m Back,1956,01:13.1,73.1,Bronze,Women's,
100m Back,1960,01:09.3,69.3,Gold,Women's,
100m Back,1960,01:10.8,70.8,Silver,Women's,
100m Back,1960,01:11.4,71.4,Bronze,Women's,
100m Back,1964,01:07.7,67.7,Gold,Women's,
100m Back,1964,01:07.9,67.9,Silver,Women's,
100m Back,1964,01:08.0,68,Bronze,Women's,
100m Back,1968,01:06.2,66.2,Gold,Women's,
100m Back,1968,01:06.7,66.7,Silver,Women's,
100m Back,1968,01:08.1,68.1,Bronze,Women's,
100m Back,1972,01:05.8,65.8,Gold,Women's,
100m Back,1972,01:06.3,66.3,Silver,Women's,
100m Back,1972,01:06.3,66.3,Bronze,Women's,
100m Back,1976,01:01.8,61.8,Gold,Women's,
100m Back,1976,01:03.4,63.4,Silver,Women's,
100m Back,1976,01:03.7,63.7,Bronze,Women's,
100m Back,1980,01:00.9,60.9,Gold,Women's,
100m Back,1980,01:02.1,62.1,Silver,Women's,
100m Back,1980,01:02.6,62.6,Bronze,Women's,
100m Back,1984,01:02.5,62.5,Gold,Women's,
100m Back,1984,01:02.6,62.6,Silver,Women's,
100m Back,1984,01:02.9,62.9,Bronze,Women's,
100m Back,1988,01:00.9,60.9,Gold,Women's,
100m Back,1988,01:01.6,61.6,Silver,Women's,
100m Back,1988,01:01.6,61.6,Bronze,Women's,
100m Back,1992,01:00.7,60.7,Gold,Women's,
100m Back,1992,01:01.1,61.1,Silver,Women's,
100m Back,1992,01:01.4,61.4,Bronze,Women's,
100m Back,1996,01:01.2,61.2,Gold,Women's,
100m Back,1996,01:01.5,61.5,Silver,Women's,
100m Back,1996,01:02.1,62.1,Bronze,Women's,
100m Back,2000,01:00.2,60.2,Gold,Women's,
100m Back,2000,01:00.6,60.6,Silver,Women's,
100m Back,2000,01:00.9,60.9,Bronze,Women's,
100m Back,2004,01:00.4,60.4,Gold,Women's,
100m Back,2004,01:00.5,60.5,Silver,Women's,
100m Back,2004,01:00.9,60.9,Bronze,Women's,
100m Back,2008,58.96,58.96,Gold,Women's,
100m Back,2008,59.19,59.19,Silver,Women's,
100m Back,2008,59.34,59.34,Bronze,Women's,
100m Back,2012,58.33,58.33,Gold,Women's,
100m Back,2012,58.68,58.68,Silver,Women's,
100m Back,2012,58.83,58.83,Bronze,Women's,
100m Back,2016,58.45,58.45,Gold,Women's,
100m Back,2016,58.75,58.75,Silver,Women's,
100m Back,2016,58.76,58.76,Bronze,Women's,
100m Breast,1968,01:15.8,75.8,Gold,Women's,
100m Breast,1968,01:15.9,75.9,Silver,Women's,
100m Breast,1968,01:16.1,76.1,Bronze,Women's,
100m Breast,1972,01:13.6,73.6,Gold,Women's,
100m Breast,1972,01:15.0,75,Silver,Women's,
100m Breast,1972,01:15.7,75.7,Bronze,Women's,
100m Breast,1976,01:11.2,71.2,Gold,Women's,
100m Breast,1976,01:13.0,73,Silver,Women's,
100m Breast,1976,01:13.3,73.3,Bronze,Women's,
100m Breast,1980,01:10.2,70.2,Gold,Women's,
100m Breast,1980,01:10.4,70.4,Silver,Women's,
100m Breast,1980,01:11.2,71.2,Bronze,Women's,
100m Breast,1984,01:09.9,69.9,Gold,Women's,
100m Breast,1984,01:10.7,70.7,Silver,Women's,
100m Breast,1984,01:10.7,70.7,Bronze,Women's,
100m Breast,1988,01:07.9,67.9,Gold,Women's,
100m Breast,1988,01:08.7,68.7,Silver,Women's,
100m Breast,1988,01:08.8,68.8,Bronze,Women's,
100m Breast,1992,01:08.0,68,Gold,Women's,
100m Breast,1992,01:08.2,68.2,Silver,Women's,
100m Breast,1992,01:09.3,69.3,Bronze,Women's,
100m Breast,1996,01:07.7,67.7,Gold,Women's,
100m Breast,1996,01:08.1,68.1,Silver,Women's,
100m Breast,1996,01:09.2,69.2,Bronze,Women's,
100m Breast,2000,01:07.1,67.1,Gold,Women's,
100m Breast,2000,01:07.5,67.5,Silver,Women's,
100m Breast,2000,01:07.6,67.6,Bronze,Women's,
100m Breast,2004,01:06.6,66.6,Gold,Women's,
100m Breast,2004,01:07.2,67.2,Silver,Women's,
100m Breast,2004,01:07.2,67.2,Bronze,Women's,
100m Breast,2008,01:05.2,65.2,Gold,Women's,
100m Breast,2008,01:06.7,66.7,Silver,Women's,
100m Breast,2008,01:07.3,67.3,Bronze,Women's,
100m Breast,2012,01:05.5,65.5,Gold,Women's,
100m Breast,2012,01:05.5,65.5,Silver,Women's,
100m Breast,2012,01:06.5,66.5,Bronze,Women's,
100m Breast,2016,01:04.9,64.9,Gold,Women's,
100m Breast,2016,01:05.5,65.5,Silver,Women's,
100m Breast,2016,01:05.7,65.7,Bronze,Women's,
100m Butterfly,1956,01:11.0,71,Gold,Women's,
100m Butterfly,1956,01:11.9,71.9,Silver,Women's,
100m Butterfly,1956,01:14.4,74.4,Bronze,Women's,
100m Butterfly,1960,01:09.5,69.5,Gold,Women's,
100m Butterfly,1960,01:10.4,70.4,Silver,Women's,
100m Butterfly,1960,01:12.2,72.2,Bronze,Women's,
100m Butterfly,1964,01:04.7,64.7,Gold,Women's,
100m Butterfly,1964,01:05.6,65.6,Silver,Women's,
100m Butterfly,1964,01:06.0,66,Bronze,Women's,
100m Butterfly,1968,01:05.5,65.5,Gold,Women's,
100m Butterfly,1968,01:05.8,65.8,Silver,Women's,
100m Butterfly,1968,01:06.2,66.2,Bronze,Women's,
100m Butterfly,1972,01:03.3,63.3,Gold,Women's,
100m Butterfly,1972,01:03.6,63.6,Silver,Women's,
100m Butterfly,1972,01:03.7,63.7,Bronze,Women's,
100m Butterfly,1976,01:00.1,60.1,Gold,Women's,
100m Butterfly,1976,01:01.0,61,Silver,Women's,
100m Butterfly,1976,01:01.2,61.2,Bronze,Women's,
100m Butterfly,1980,01:00.4,60.4,Gold,Women's,
100m Butterfly,1980,01:00.9,60.9,Silver,Women's,
100m Butterfly,1980,01:01.4,61.4,Bronze,Women's,
100m Butterfly,1984,00:59.3,59.3,Gold,Women's,
100m Butterfly,1984,01:00.2,60.2,Silver,Women's,
100m Butterfly,1984,01:01.4,61.4,Bronze,Women's,
100m Butterfly,1988,59,59,Gold,Women's,
100m Butterfly,1988,59.45,59.45,Silver,Women's,
100m Butterfly,1988,59.52,59.52,Bronze,Women's,
100m Butterfly,1992,58.62,58.62,Gold,Women's,
100m Butterfly,1992,58.74,58.74,Silver,Women's,
100m Butterfly,1992,59.01,59.01,Bronze,Women's,
100m Butterfly,1996,59.13,59.13,Gold,Women's,
100m Butterfly,1996,59.14,59.14,Silver,Women's,
100m Butterfly,1996,59.23,59.23,Bronze,Women's,
100m Butterfly,2000,56.61,56.61,Gold,Women's,
100m Butterfly,2000,57.97,57.97,Silver,Women's,
100m Butterfly,2000,58.2,58.2,Bronze,Women's,
100m Butterfly,2004,57.52,57.52,Gold,Women's,
100m Butterfly,2004,57.84,57.84,Silver,Women's,
100m Butterfly,2004,57.99,57.99,Bronze,Women's,
100m Butterfly,2008,56.73,56.73,Gold,Women's,
100m Butterfly,2008,57.1,57.1,Silver,Women's,
100m Butterfly,2008,57.25,57.25,Bronze,Women's,
100m Butterfly,2012,55.98,55.98,Gold,Women's,
100m Butterfly,2012,56.87,56.87,Silver,Women's,
100m Butterfly,2012,59.94,59.94,Bronze,Women's,
100m Butterfly,2016,55.48,55.48,Gold,Women's,
100m Butterfly,2016,56.46,56.46,Silver,Women's,
100m Butterfly,2016,56.63,56.63,Bronze,Women's,
200m Back,1968,02:24.8,144.8,Gold,Women's,
200m Back,1968,02:27.4,147.4,Silver,Women's,
200m Back,1968,02:28.9,148.9,Bronze,Women's,
200m Back,1972,02:19.2,139.2,Gold,Women's,
200m Back,1972,02:20.4,140.4,Silver,Women's,
200m Back,1972,02:23.2,143.2,Bronze,Women's,
200m Back,1976,02:13.4,133.4,Gold,Women's,
200m Back,1976,02:15.0,135,Silver,Women's,
200m Back,1976,02:15.6,135.6,Bronze,Women's,
200m Back,1980,02:11.8,131.8,Gold,Women's,
200m Back,1980,02:13.7,133.7,Silver,Women's,
200m Back,1980,02:14.1,134.1,Bronze,Women's,
200m Back,1984,02:12.4,132.4,Gold,Women's,
200m Back,1984,02:13.0,133,Silver,Women's,
200m Back,1984,02:13.3,133.3,Bronze,Women's,
200m Back,1988,02:09.3,129.3,Gold,Women's,
200m Back,1988,02:10.6,130.6,Silver,Women's,
200m Back,1988,02:11.5,131.5,Bronze,Women's,
200m Back,1992,02:07.1,127.1,Gold,Women's,
200m Back,1992,02:09.5,129.5,Silver,Women's,
200m Back,1992,02:10.2,130.2,Bronze,Women's,
200m Back,1996,02:07.8,127.8,Gold,Women's,
200m Back,1996,02:12.0,132,Silver,Women's,
200m Back,1996,02:12.1,132.1,Bronze,Women's,
200m Back,2000,02:08.2,128.2,Gold,Women's,
200m Back,2000,02:10.3,130.3,Silver,Women's,
200m Back,2000,02:11.1,131.1,Bronze,Women's,
200m Back,2004,02:09.2,129.2,Gold,Women's,
200m Back,2004,02:09.7,129.7,Silver,Women's,
200m Back,2004,02:09.9,129.9,Bronze,Women's,
200m Back,2004,02:09.9,129.9,Bronze,Women's,
200m Back,2008,02:05.2,125.2,Gold,Women's,
200m Back,2008,02:06.2,126.2,Silver,Women's,
200m Back,2008,02:07.1,127.1,Bronze,Women's,
200m Back,2012,02:04.1,124.1,Gold,Women's,
200m Back,2012,02:05.9,125.9,Silver,Women's,
200m Back,2012,02:06.6,126.6,Bronze,Women's,
200m Back,2016,02:05.0,125,Gold,Women's,
200m Back,2016,02:06.1,126.1,Silver,Women's,
200m Back,2016,02:07.5,127.5,Bronze,Women's,
200m Breast,1924,03:33.2,213.2,Gold,Women's,
200m Breast,1924,03:34.0,214,Silver,Women's,
200m Breast,1924,03:35.4,215.4,Bronze,Women's,
200m Breast,1928,03:12.6,192.6,Gold,Women's,
200m Breast,1928,03:15.2,195.2,Silver,Women's,
200m Breast,1928,03:17.6,197.6,Bronze,Women's,
200m Breast,1932,03:06.3,186.3,Gold,Women's,
200m Breast,1932,03:06.4,186.4,Silver,Women's,
200m Breast,1932,03:07.1,187.1,Bronze,Women's,
200m Breast,1936,03:03.6,183.6,Gold,Women's,
200m Breast,1936,03:04.2,184.2,Silver,Women's,
200m Breast,1936,03:07.8,187.8,Bronze,Women's,
200m Breast,1948,02:57.2,177.2,Gold,Women's,
200m Breast,1948,02:57.7,177.7,Silver,Women's,
200m Breast,1948,03:00.2,180.2,Bronze,Women's,
200m Breast,1952,02:51.7,171.7,Gold,Women's,
200m Breast,1952,02:54.4,174.4,Silver,Women's,
200m Breast,1952,02:57.6,177.6,Bronze,Women's,
200m Breast,1956,02:53.1,173.1,Gold,Women's,
200m Breast,1956,02:54.8,174.8,Silver,Women's,
200m Breast,1956,02:55.1,175.1,Bronze,Women's,
200m Breast,1960,02:49.5,169.5,Gold,Women's,
200m Breast,1960,02:50.0,170,Silver,Women's,
200m Breast,1960,02:53.6,173.6,Bronze,Women's,
200m Breast,1964,02:46.4,166.4,Gold,Women's,
200m Breast,1964,02:47.6,167.6,Silver,Women's,
200m Breast,1964,02:48.6,168.6,Bronze,Women's,
200m Breast,1968,02:44.4,164.4,Gold,Women's,
200m Breast,1968,02:46.4,166.4,Silver,Women's,
200m Breast,1968,02:47.0,167,Bronze,Women's,
200m Breast,1972,02:41.7,161.7,Gold,Women's,
200m Breast,1972,02:42.1,162.1,Silver,Women's,
200m Breast,1972,02:42.4,162.4,Bronze,Women's,
200m Breast,1976,02:33.3,153.3,Gold,Women's,
200m Breast,1976,02:36.1,156.1,Silver,Women's,
200m Breast,1976,02:36.2,156.2,Bronze,Women's,
200m Breast,1980,02:29.5,149.5,Gold,Women's,
200m Breast,1980,02:29.6,149.6,Silver,Women's,
200m Breast,1980,02:32.4,152.4,Bronze,Women's,
200m Breast,1984,02:30.4,150.4,Gold,Women's,
200m Breast,1984,02:31.1,151.1,Silver,Women's,
200m Breast,1984,02:31.4,151.4,Bronze,Women's,
200m Breast,1988,02:26.7,146.7,Gold,Women's,
200m Breast,1988,02:27.5,147.5,Silver,Women's,
200m Breast,1988,02:28.3,148.3,Bronze,Women's,
200m Breast,1992,02:26.7,146.7,Gold,Women's,
200m Breast,1992,02:26.8,146.8,Silver,Women's,
200m Breast,1992,02:26.9,146.9,Bronze,Women's,
200m Breast,1996,02:25.4,145.4,Gold,Women's,
200m Breast,1996,02:25.8,145.8,Silver,Women's,
200m Breast,1996,02:26.6,146.6,Bronze,Women's,
200m Breast,2000,02:24.4,144.4,Gold,Women's,
200m Breast,2000,02:24.6,144.6,Silver,Women's,
200m Breast,2000,02:25.3,145.3,Bronze,Women's,
200m Breast,2004,02:23.4,143.4,Gold,Women's,
200m Breast,2004,02:23.6,143.6,Silver,Women's,
200m Breast,2004,02:25.8,145.8,Bronze,Women's,
200m Breast,2008,02:20.2,140.2,Gold,Women's,
200m Breast,2008,02:22.1,142.1,Silver,Women's,
200m Breast,2008,02:32.0,152,Bronze,Women's,
200m Breast,2012,02:19.6,139.6,Gold,Women's,
200m Breast,2012,02:20.7,140.7,Silver,Women's,
200m Breast,2012,02:20.9,140.9,Bronze,Women's,
200m Breast,2016,02:20.3,140.3,Gold,Women's,
200m Breast,2016,02:22.0,142,Silver,Women's,
200m Breast,2016,02:20.3,140.3,Bronze,Women's,
200m Butterfly,1968,02:24.7,144.7,Gold,Women's,
200m Butterfly,1968,02:24.8,144.8,Silver,Women's,
200m Butterfly,1968,02:25.9,145.9,Bronze,Women's,
200m Butterfly,1972,02:15.6,135.6,Gold,Women's,
200m Butterfly,1972,02:16.3,136.3,Silver,Women's,
200m Butterfly,1972,02:16.7,136.7,Bronze,Women's,
200m Butterfly,1976,02:11.4,131.4,Gold,Women's,
200m Butterfly,1976,02:12.5,132.5,Silver,Women's,
200m Butterfly,1976,02:12.9,132.9,Bronze,Women's,
200m Butterfly,1980,02:10.4,130.4,Gold,Women's,
200m Butterfly,1980,02:10.5,130.5,Silver,Women's,
200m Butterfly,1980,02:11.7,131.7,Bronze,Women's,
200m Butterfly,1984,02:06.9,126.9,Gold,Women's,
200m Butterfly,1984,02:10.6,130.6,Silver,Women's,
200m Butterfly,1984,02:11.9,131.9,Bronze,Women's,
200m Butterfly,1988,02:09.5,129.5,Gold,Women's,
200m Butterfly,1988,02:09.9,129.9,Silver,Women's,
200m Butterfly,1988,02:10.8,130.8,Bronze,Women's,
200m Butterfly,1992,02:08.7,128.7,Gold,Women's,
200m Butterfly,1992,02:09.0,129,Silver,Women's,
200m Butterfly,1992,02:09.0,129,Bronze,Women's,
200m Butterfly,1996,02:07.8,127.8,Gold,Women's,
200m Butterfly,1996,02:09.8,129.8,Silver,Women's,
200m Butterfly,1996,02:09.9,129.9,Bronze,Women's,
200m Butterfly,2000,02:05.9,125.9,Gold,Women's,
200m Butterfly,2000,02:06.6,126.6,Silver,Women's,
200m Butterfly,2000,02:07.1,127.1,Bronze,Women's,
200m Butterfly,2004,02:06.1,126.1,Gold,Women's,
200m Butterfly,2004,02:06.4,126.4,Silver,Women's,
200m Butterfly,2004,02:08.0,128,Bronze,Women's,
200m Butterfly,2008,02:04.2,124.2,Gold,Women's,
200m Butterfly,2008,02:04.7,124.7,Silver,Women's,
200m Butterfly,2008,02:06.3,126.3,Bronze,Women's,
200m Butterfly,2012,02:04.1,124.1,Gold,Women's,
200m Butterfly,2012,02:05.3,125.3,Silver,Women's,
200m Butterfly,2012,02:05.3,125.3,Bronze,Women's,
200m Butterfly,2016,02:04.9,124.9,Gold,Women's,
200m Butterfly,2016,02:04.9,124.9,Silver,Women's,
200m Butterfly,2016,02:05.2,125.2,Bronze,Women's,
200m Free,1968,02:10.5,130.5,Gold,Women's,
200m Free,1968,02:11.0,131,Silver,Women's,
200m Free,1968,02:11.2,131.2,Bronze,Women's,
200m Free,1972,02:03.6,123.6,Gold,Women's,
200m Free,1972,02:04.3,124.3,Silver,Women's,
200m Free,1972,02:04.9,124.9,Bronze,Women's,
200m Free,1976,01:59.3,119.3,Gold,Women's,
200m Free,1976,02:01.2,121.2,Silver,Women's,
200m Free,1976,02:01.4,121.4,Bronze,Women's,
200m Free,1980,01:58.3,118.3,Gold,Women's,
200m Free,1980,01:59.6,119.6,Silver,Women's,
200m Free,1980,02:01.4,121.4,Bronze,Women's,
200m Free,1984,01:59.2,119.2,Gold,Women's,
200m Free,1984,01:59.5,119.5,Silver,Women's,
200m Free,1984,01:59.7,119.7,Bronze,Women's,
200m Free,1988,01:57.7,117.7,Gold,Women's,
200m Free,1988,01:58.7,118.7,Silver,Women's,
200m Free,1988,01:59.0,119,Bronze,Women's,
200m Free,1992,01:57.9,117.9,Gold,Women's,
200m Free,1992,01:58.0,118,Silver,Women's,
200m Free,1992,01:59.7,119.7,Bronze,Women's,
200m Free,1996,01:58.2,118.2,Gold,Women's,
200m Free,1996,01:58.6,118.6,Silver,Women's,
200m Free,1996,01:59.6,119.6,Bronze,Women's,
200m Free,2000,01:58.2,118.2,Gold,Women's,
200m Free,2000,01:58.3,118.3,Silver,Women's,
200m Free,2000,01:58.8,118.8,Bronze,Women's,
200m Free,2004,01:58.0,118,Gold,Women's,
200m Free,2004,01:58.2,118.2,Silver,Women's,
200m Free,2004,01:58.4,118.4,Bronze,Women's,
200m Free,2008,01:54.8,114.8,Gold,Women's,
200m Free,2008,01:55.0,115,Silver,Women's,
200m Free,2008,01:55.0,115,Bronze,Women's,
200m Free,2012,01:53.6,113.6,Gold,Women's,
200m Free,2012,01:55.6,115.6,Silver,Women's,
200m Free,2012,01:55.8,115.8,Bronze,Women's,
200m Free,2016,01:53.7,113.7,Gold,Women's,
200m Free,2016,01:54.1,114.1,Silver,Women's,
200m Free,2016,01:54.9,114.9,Bronze,Women's,
200m IM,1968,02:24.7,144.7,Gold,Women's,
200m IM,1968,02:28.8,148.8,Silver,Women's,
200m IM,1968,02:31.4,151.4,Bronze,Women's,
200m IM,1972,02:23.1,143.1,Gold,Women's,
200m IM,1972,02:23.6,143.6,Silver,Women's,
200m IM,1972,02:24.1,144.1,Bronze,Women's,
200m IM,1984,02:12.6,132.6,Gold,Women's,
200m IM,1984,02:15.2,135.2,Silver,Women's,
200m IM,1984,02:15.9,135.9,Bronze,Women's,
200m IM,1988,02:12.6,132.6,Gold,Women's,
200m IM,1988,02:13.3,133.3,Silver,Women's,
200m IM,1988,02:14.9,134.9,Bronze,Women's,
200m IM,1992,02:11.7,131.7,Gold,Women's,
200m IM,1992,02:11.9,131.9,Silver,Women's,
200m IM,1992,02:13.9,133.9,Bronze,Women's,
200m IM,1996,02:13.9,133.9,Gold,Women's,
200m IM,1996,02:14.4,134.4,Silver,Women's,
200m IM,1996,02:14.7,134.7,Bronze,Women's,
200m IM,2000,02:10.7,130.7,Gold,Women's,
200m IM,2000,02:12.6,132.6,Silver,Women's,
200m IM,2000,02:13.3,133.3,Bronze,Women's,
200m IM,2004,02:11.1,131.1,Gold,Women's,
200m IM,2004,02:11.7,131.7,Silver,Women's,
200m IM,2004,02:12.7,132.7,Bronze,Women's,
200m IM,2008,02:08.4,128.4,Gold,Women's,
200m IM,2008,02:08.6,128.6,Silver,Women's,
200m IM,2008,02:10.3,130.3,Bronze,Women's,
200m IM,2012,02:07.6,127.6,Gold,Women's,
200m IM,2012,02:08.1,128.1,Silver,Women's,
200m IM,2012,02:08.9,128.9,Bronze,Women's,
200m IM,2016,02:06.6,126.6,Gold,Women's,
200m IM,2016,02:06.9,126.9,Silver,Women's,
200m IM,2016,02:08.8,128.8,Bronze,Women's,
400m IM,1964,05:18.7,318.7,Gold,Women's,
400m IM,1964,05:24.1,324.1,Silver,Women's,
400m IM,1964,05:24.2,324.2,Bronze,Women's,
400m IM,1968,05:08.5,308.5,Gold,Women's,
400m IM,1968,05:22.2,322.2,Silver,Women's,
400m IM,1968,05:25.3,325.3,Bronze,Women's,
400m IM,1972,05:03.0,303,Gold,Women's,
400m IM,1972,05:03.6,303.6,Silver,Women's,
400m IM,1972,05:04.0,304,Bronze,Women's,
400m IM,1976,04:42.8,282.8,Gold,Women's,
400m IM,1976,04:48.1,288.1,Silver,Women's,
400m IM,1976,04:50.5,290.5,Bronze,Women's,
400m IM,1980,04:36.3,276.3,Gold,Women's,
400m IM,1980,04:46.8,286.8,Silver,Women's,
400m IM,1980,04:48.2,288.2,Bronze,Women's,
400m IM,1984,04:39.2,279.2,Gold,Women's,
400m IM,1984,04:48.3,288.3,Silver,Women's,
400m IM,1984,04:48.6,288.6,Bronze,Women's,
400m IM,1988,04:37.8,277.8,Gold,Women's,
400m IM,1988,04:39.5,279.5,Silver,Women's,
400m IM,1988,04:39.8,279.8,Bronze,Women's,
400m IM,1992,04:36.5,276.5,Gold,Women's,
400m IM,1992,04:36.7,276.7,Silver,Women's,
400m IM,1992,04:37.6,277.6,Bronze,Women's,
400m IM,1996,04:39.2,279.2,Gold,Women's,
400m IM,1996,04:42.0,282,Silver,Women's,
400m IM,1996,04:42.5,282.5,Bronze,Women's,
400m IM,2000,04:33.6,273.6,Gold,Women's,
400m IM,2000,04:37.2,277.2,Silver,Women's,
400m IM,2000,04:36.0,276,Bronze,Women's,
400m IM,2004,04:34.8,274.8,Gold,Women's,
400m IM,2004,04:34.9,274.9,Silver,Women's,
400m IM,2004,04:37.5,277.5,Bronze,Women's,
400m IM,2008,04:29.5,269.5,Gold,Women's,
400m IM,2008,04:29.9,269.9,Silver,Women's,
400m IM,2008,04:31.7,271.7,Bronze,Women's,
400m IM,2012,04:28.4,268.4,Gold,Women's,
400m IM,2012,04:31.3,271.3,Silver,Women's,
400m IM,2012,04:32.9,272.9,Bronze,Women's,
400m IM,2016,04:26.4,266.4,Gold,Women's,
400m IM,2016,04:31.2,271.2,Silver,Women's,
400m IM,2016,04:32.4,272.4,Bronze,Women's,
50m Free,1988,22.14,22.14,Gold,Men's,
50m Free,1988,22.36,22.36,Silver,Men's,
50m Free,1988,22.71,22.71,Bronze,Men's,
50m Free,1992,21.91,21.91,Gold,Men's,
50m Free,1992,22.09,22.09,Silver,Men's,
50m Free,1992,22.3,22.3,Bronze,Men's,
50m Free,1996,22.13,22.13,Gold,Men's,
50m Free,1996,22.26,22.26,Silver,Men's,
50m Free,1996,22.29,22.29,Bronze,Men's,
50m Free,2000,21.98,21.98,Gold,Men's,
50m Free,2000,21.98,21.98,Silver,Men's,
50m Free,2000,22.03,22.03,Bronze,Men's,
50m Free,2004,21.93,21.93,Gold,Men's,
50m Free,2004,21.94,21.94,Silver,Men's,
50m Free,2004,22.02,22.02,Bronze,Men's,
50m Free,2008,21.3,21.3,Gold,Men's,
50m Free,2008,21.45,21.45,Silver,Men's,
50m Free,2008,21.49,21.49,Bronze,Men's,
50m Free,2012,21.34,21.34,Gold,Men's,
50m Free,2012,21.54,21.54,Silver,Men's,
50m Free,2012,21.59,21.59,Bronze,Men's,
50m Free,2016,21.4,21.4,Gold,Men's,
50m Free,2016,21.41,21.41,Silver,Men's,
50m Free,2016,21.49,21.49,Bronze,Men's,
100m Free,1896,01:22.2,82.2,Gold,Men's,
100m Free,1896,01:22.8,82.8,Silver,Men's,
100m Free,1904,01:02.8,62.8,Gold,Men's,
100m Free,1906,01:13.4,73.4,Gold,Men's,
100m Free,1906,01:14.2,74.2,Silver,Men's,
100m Free,1908,01:05.6,65.6,Gold,Men's,
100m Free,1908,01:06.2,66.2,Silver,Men's,
100m Free,1908,01:08.0,68,Bronze,Men's,
100m Free,1912,01:03.4,63.4,Gold,Men's,
100m Free,1912,01:04.6,64.6,Silver,Men's,
100m Free,1912,01:05.6,65.6,Bronze,Men's,
100m Free,1920,01:00.4,60.4,Gold,Men's,
100m Free,1920,01:02.2,62.2,Silver,Men's,
100m Free,1920,01:03.2,63.2,Bronze,Men's,
100m Free,1924,00:59.0,59,Gold,Men's,
100m Free,1924,01:01.4,61.4,Silver,Men's,
100m Free,1924,01:01.8,61.8,Bronze,Men's,
100m Free,1928,00:58.6,58.6,Gold,Men's,
100m Free,1928,00:59.8,59.8,Silver,Men's,
100m Free,1928,01:00.0,60,Bronze,Men's,
100m Free,1932,58.2,58.2,Gold,Men's,
100m Free,1932,58.6,58.6,Silver,Men's,
100m Free,1932,58.8,58.8,Bronze,Men's,
100m Free,1936,57.6,57.6,Gold,Men's,
100m Free,1936,57.9,57.9,Silver,Men's,
100m Free,1936,58,58,Bronze,Men's,
100m Free,1948,57.3,57.3,Gold,Men's,
100m Free,1948,57.8,57.8,Silver,Men's,
100m Free,1948,58.1,58.1,Bronze,Men's,
100m Free,1952,57.4,57.4,Gold,Men's,
100m Free,1952,57.4,57.4,Silver,Men's,
100m Free,1952,58.2,58.2,Bronze,Men's,
100m Free,1956,55.4,55.4,Gold,Men's,
100m Free,1956,55.8,55.8,Silver,Men's,
100m Free,1956,56.7,56.7,Bronze,Men's,
100m Free,1960,55.2,55.2,Gold,Men's,
100m Free,1960,55.2,55.2,Silver,Men's,
100m Free,1960,55.4,55.4,Bronze,Men's,
100m Free,1964,53.4,53.4,Gold,Men's,
100m Free,1964,53.5,53.5,Silver,Men's,
100m Free,1964,54,54,Bronze,Men's,
100m Free,1968,52.2,52.2,Gold,Men's,
100m Free,1968,52.8,52.8,Silver,Men's,
100m Free,1968,53,53,Bronze,Men's,
100m Free,1972,51.22,51.22,Gold,Men's,
100m Free,1972,51.65,51.65,Silver,Men's,
100m Free,1972,51.77,51.77,Bronze,Men's,
100m Free,1976,49.99,49.99,Gold,Men's,
100m Free,1976,50.81,50.81,Silver,Men's,
100m Free,1976,51.31,51.31,Bronze,Men's,
100m Free,1980,50.4,50.4,Gold,Men's,
100m Free,1980,50.91,50.91,Silver,Men's,
100m Free,1980,51.29,51.29,Bronze,Men's,
100m Free,1984,49.8,49.8,Gold,Men's,
100m Free,1984,50.24,50.24,Silver,Men's,
100m Free,1984,50.31,50.31,Bronze,Men's,
100m Free,1988,48.63,48.63,Gold,Men's,
100m Free,1988,49.08,49.08,Silver,Men's,
100m Free,1988,49.62,49.62,Bronze,Men's,
100m Free,1992,49.02,49.02,Gold,Men's,
100m Free,1992,49.43,49.43,Silver,Men's,
100m Free,1992,49.5,49.5,Bronze,Men's,
100m Free,1996,48.74,48.74,Gold,Men's,
100m Free,1996,48.81,48.81,Silver,Men's,
100m Free,1996,49.02,49.02,Bronze,Men's,
100m Free,2000,48.3,48.3,Gold,Men's,
100m Free,2000,48.69,48.69,Silver,Men's,
100m Free,2000,48.73,48.73,Bronze,Men's,
100m Free,2004,48.17,48.17,Gold,Men's,
100m Free,2004,48.23,48.23,Silver,Men's,
100m Free,2004,48.56,48.56,Bronze,Men's,
100m Free,2008,47.21,47.21,Gold,Men's,
100m Free,2008,47.32,47.32,Silver,Men's,
100m Free,2008,47.67,47.67,Bronze,Men's,
100m Free,2008,47.67,47.67,Bronze,Men's,
100m Free,2012,47.52,47.52,Gold,Men's,
100m Free,2012,47.53,47.53,Silver,Men's,
100m Free,2012,47.8,47.8,Bronze,Men's,
100m Free,2016,47.58,47.58,Gold,Men's,
100m Free,2016,47.8,47.8,Silver,Men's,
100m Free,2016,47.85,47.85,Bronze,Men's,
100m Back,1904,01:16.8,76.8,Gold,Men's,
100m Back,1908,01:24.6,84.6,Gold,Men's,
100m Back,1908,01:26.6,86.6,Silver,Men's,
100m Back,1908,01:27.0,87,Bronze,Men's,
100m Back,1912,01:21.2,81.2,Gold,Men's,
100m Back,1912,01:22.4,82.4,Silver,Men's,
100m Back,1912,01:24.0,84,Bronze,Men's,
100m Back,1920,01:15.2,75.2,Gold,Men's,
100m Back,1920,01:16.8,76.8,Silver,Men's,
100m Back,1920,01:19.0,79,Bronze,Men's,
100m Back,1924,01:13.2,73.2,Gold,Men's,
100m Back,1924,01:15.4,75.4,Silver,Men's,
100m Back,1924,01:17.8,77.8,Bronze,Men's,
100m Back,1928,01:08.2,68.2,Gold,Men's,
100m Back,1928,01:10.0,70,Silver,Men's,
100m Back,1928,01:12.0,72,Bronze,Men's,
100m Back,1932,01:08.6,68.6,Gold,Men's,
100m Back,1932,01:09.8,69.8,Silver,Men's,
100m Back,1932,01:10.0,70,Bronze,Men's,
100m Back,1936,01:05.9,65.9,Gold,Men's,
100m Back,1936,01:07.7,67.7,Silver,Men's,
100m Back,1936,01:08.4,68.4,Bronze,Men's,
100m Back,1948,01:06.4,66.4,Gold,Men's,
100m Back,1948,01:06.5,66.5,Silver,Men's,
100m Back,1948,01:07.8,67.8,Bronze,Men's,
100m Back,1952,01:05.4,65.4,Gold,Men's,
100m Back,1952,01:06.2,66.2,Silver,Men's,
100m Back,1952,01:06.4,66.4,Bronze,Men's,
100m Back,1956,01:02.2,62.2,Gold,Men's,
100m Back,1956,01:03.2,63.2,Silver,Men's,
100m Back,1956,01:04.5,64.5,Bronze,Men's,
100m Back,1960,01:01.9,61.9,Gold,Men's,
100m Back,1960,01:02.1,62.1,Silver,Men's,
100m Back,1960,01:02.3,62.3,Bronze,Men's,
100m Back,1968,00:58.7,58.7,Gold,Men's,
100m Back,1968,01:00.2,60.2,Silver,Men's,
100m Back,1968,01:00.5,60.5,Bronze,Men's,
100m Back,1972,56.58,56.58,Gold,Men's,
100m Back,1972,57.7,57.7,Silver,Men's,
100m Back,1972,58.35,58.35,Bronze,Men's,
100m Back,1976,55.49,55.49,Gold,Men's,
100m Back,1976,56.34,56.34,Silver,Men's,
100m Back,1976,57.22,57.22,Bronze,Men's,
100m Back,1980,56.53,56.53,Gold,Men's,
100m Back,1980,56.99,56.99,Silver,Men's,
100m Back,1980,57.63,57.63,Bronze,Men's,
100m Back,1984,55.79,55.79,Gold,Men's,
100m Back,1984,56.35,56.35,Silver,Men's,
100m Back,1984,56.49,56.49,Bronze,Men's,
100m Back,1988,55.05,55.05,Gold,Men's,
100m Back,1988,55.18,55.18,Silver,Men's,
100m Back,1988,55.2,55.2,Bronze,Men's,
100m Back,1992,53.98,53.98,Gold,Men's,
100m Back,1992,54.04,54.04,Silver,Men's,
100m Back,1992,54.78,54.78,Bronze,Men's,
100m Back,1996,54.1,54.1,Gold,Men's,
100m Back,1996,54.98,54.98,Silver,Men's,
100m Back,1996,55.02,55.02,Bronze,Men's,
100m Back,2000,53.72,53.72,Gold,Men's,
100m Back,2000,54.07,54.07,Silver,Men's,
100m Back,2000,54.82,54.82,Bronze,Men's,
100m Back,2004,54.06,54.06,Gold,Men's,
100m Back,2004,54.35,54.35,Silver,Men's,
100m Back,2004,54.36,54.36,Bronze,Men's,
100m Back,2008,52.54,52.54,Gold,Men's,
100m Back,2008,53.11,53.11,Silver,Men's,
100m Back,2008,53.18,53.18,Bronze,Men's,
100m Back,2008,53.18,53.18,Bronze,Men's,
100m Back,2012,52.16,52.16,Gold,Men's,
100m Back,2012,52.92,52.92,Silver,Men's,
100m Back,2012,52.97,52.97,Bronze,Men's,
100m Back,2016,51.97,51.97,Gold,Men's,
100m Back,2016,52.31,52.31,Silver,Men's,
100m Back,2016,52.4,52.4,Bronze,Men's,
100m Breast,1968,01:07.7,67.7,Gold,Men's,
100m Breast,1968,01:08.0,68,Silver,Men's,
100m Breast,1968,01:08.0,68,Bronze,Men's,
100m Breast,1972,01:04.9,64.9,Gold,Men's,
100m Breast,1972,01:05.4,65.4,Silver,Men's,
100m Breast,1972,01:05.6,65.6,Bronze,Men's,
100m Breast,1976,01:03.1,63.1,Gold,Men's,
100m Breast,1976,01:03.4,63.4,Silver,Men's,
100m Breast,1976,01:04.2,64.2,Bronze,Men's,
100m Breast,1980,01:03.4,63.4,Gold,Men's,
100m Breast,1980,01:03.8,63.8,Silver,Men's,
100m Breast,1980,01:04.0,64,Bronze,Men's,
100m Breast,1984,01:01.7,61.7,Gold,Men's,
100m Breast,1984,01:02.0,62,Silver,Men's,
100m Breast,1984,01:03.0,63,Bronze,Men's,
100m Breast,1988,01:02.0,62,Gold,Men's,
100m Breast,1988,01:02.1,62.1,Silver,Men's,
100m Breast,1988,01:02.2,62.2,Bronze,Men's,
100m Breast,1992,01:01.5,61.5,Gold,Men's,
100m Breast,1992,01:01.7,61.7,Silver,Men's,
100m Breast,1992,01:01.8,61.8,Bronze,Men's,
100m Breast,1996,01:00.7,60.7,Gold,Men's,
100m Breast,1996,01:00.8,60.8,Silver,Men's,
100m Breast,1996,01:01.3,61.3,Bronze,Men's,
100m Breast,2000,01:00.5,60.5,Gold,Men's,
100m Breast,2000,01:00.7,60.7,Silver,Men's,
100m Breast,2000,01:00.9,60.9,Bronze,Men's,
100m Breast,2004,01:00.1,60.1,Gold,Men's,
100m Breast,2004,01:00.3,60.3,Silver,Men's,
100m Breast,2004,01:00.9,60.9,Bronze,Men's,
100m Breast,2008,58.91,58.91,Gold,Men's,
100m Breast,2008,59.2,59.2,Silver,Men's,
100m Breast,2008,59.37,59.37,Bronze,Men's,
100m Breast,2012,58.46,58.46,Gold,Men's,
100m Breast,2012,58.93,58.93,Silver,Men's,
100m Breast,2012,59.49,59.49,Bronze,Men's,
100m Breast,2016,57.13,57.13,Gold,Men's,
100m Breast,2016,58.69,58.69,Silver,Men's,
100m Breast,2016,58.87,58.87,Bronze,Men's,
100m Butterfly,1968,55.9,55.9,Gold,Men's,
100m Butterfly,1968,56.4,56.4,Silver,Men's,
100m Butterfly,1968,57.2,57.2,Bronze,Men's,
100m Butterfly,1972,54.27,54.27,Gold,Men's,
100m Butterfly,1972,55.56,55.56,Silver,Men's,
100m Butterfly,1972,55.74,55.74,Bronze,Men's,
100m Butterfly,1976,54.35,54.35,Gold,Men's,
100m Butterfly,1976,54.5,54.5,Silver,Men's,
100m Butterfly,1976,54.65,54.65,Bronze,Men's,
100m Butterfly,1980,54.92,54.92,Gold,Men's,
100m Butterfly,1980,54.94,54.94,Silver,Men's,
100m Butterfly,1980,55.13,55.13,Bronze,Men's,
100m Butterfly,1984,53.08,53.08,Gold,Men's,
100m Butterfly,1984,53.23,53.23,Silver,Men's,
100m Butterfly,1988,53,53,Gold,Men's,
100m Butterfly,1988,53.01,53.01,Silver,Men's,
100m Butterfly,1988,53.3,53.3,Bronze,Men's,
100m Butterfly,1992,53.32,53.32,Gold,Men's,
100m Butterfly,1992,53.35,53.35,Silver,Men's,
100m Butterfly,1992,53.41,53.41,Bronze,Men's,
100m Butterfly,1996,52.27,52.27,Gold,Men's,
100m Butterfly,1996,52.53,52.53,Silver,Men's,
100m Butterfly,1996,53.13,53.13,Bronze,Men's,
100m Butterfly,2000,52,52,Gold,Men's,
100m Butterfly,2000,52.18,52.18,Silver,Men's,
100m Butterfly,2000,52.22,52.22,Bronze,Men's,
100m Butterfly,2004,51.25,51.25,Gold,Men's,
100m Butterfly,2004,51.29,51.29,Silver,Men's,
100m Butterfly,2004,51.36,51.36,Bronze,Men's,
100m Butterfly,2008,50.58,50.58,Gold,Men's,
100m Butterfly,2008,50.59,50.59,Silver,Men's,
100m Butterfly,2008,51.12,51.12,Bronze,Men's,
100m Butterfly,2012,51.21,51.21,Gold,Men's,
100m Butterfly,2012,51.44,51.44,Silver,Men's,
100m Butterfly,2012,51.44,51.44,Bronze,Men's,
100m Butterfly,2016,50.39,50.39,Gold,Men's,
100m Butterfly,2016,51.14,51.14,Silver,Men's,
100m Butterfly,2016,51.14,51.14,Bronze,Men's,
200m Back,1900,02:47.0,167,Gold,Men's,
200m Back,1900,02:56.0,176,Silver,Men's,
200m Back,1900,03:01.0,181,Bronze,Men's,
200m Back,1964,02:10.3,130.3,Gold,Men's,
200m Back,1964,02:10.5,130.5,Silver,Men's,
200m Back,1964,02:13.1,133.1,Bronze,Men's,
200m Back,1968,02:09.6,129.6,Gold,Men's,
200m Back,1968,02:10.6,130.6,Silver,Men's,
200m Back,1968,02:10.9,130.9,Bronze,Men's,
200m Back,1972,02:02.8,122.8,Gold,Men's,
200m Back,1972,02:04.1,124.1,Silver,Men's,
200m Back,1972,02:04.3,124.3,Bronze,Men's,
200m Back,1976,01:59.2,119.2,Gold,Men's,
200m Back,1976,02:00.6,120.6,Silver,Men's,
200m Back,1976,02:01.4,121.4,Bronze,Men's,
200m Back,1980,02:01.9,121.9,Gold,Men's,
200m Back,1980,02:02.4,122.4,Silver,Men's,
200m Back,1980,02:03.1,123.1,Bronze,Men's,
200m Back,1984,02:00.2,120.2,Gold,Men's,
200m Back,1984,02:01.8,121.8,Silver,Men's,
200m Back,1984,02:02.4,122.4,Bronze,Men's,
200m Back,1988,01:59.4,119.4,Gold,Men's,
200m Back,1988,01:59.6,119.6,Silver,Men's,
200m Back,1988,02:00.5,120.5,Bronze,Men's,
200m Back,1992,01:58.5,118.5,Gold,Men's,
200m Back,1992,01:58.9,118.9,Silver,Men's,
200m Back,1992,01:59.4,119.4,Bronze,Men's,
200m Back,1996,01:58.5,118.5,Gold,Men's,
200m Back,1996,01:59.0,119,Silver,Men's,
200m Back,1996,01:59.2,119.2,Bronze,Men's,
200m Back,2000,01:56.8,116.8,Gold,Men's,
200m Back,2000,01:57.4,117.4,Silver,Men's,
200m Back,2000,01:57.6,117.6,Bronze,Men's,
200m Back,2004,01:55.0,115,Gold,Men's,
200m Back,2004,01:57.4,117.4,Silver,Men's,
200m Back,2004,01:57.6,117.6,Bronze,Men's,
200m Back,2008,01:53.9,113.9,Gold,Men's,
200m Back,2008,01:54.3,114.3,Silver,Men's,
200m Back,2008,01:54.9,114.9,Bronze,Men's,
200m Back,2012,01:54.4,114.4,Gold,Men's,
200m Back,2012,01:53.8,113.8,Silver,Men's,
200m Back,2012,01:53.9,113.9,Bronze,Men's,
200m Back,2016,01:53.6,113.6,Gold,Men's,
200m Back,2016,01:54.0,114,Silver,Men's,
200m Back,2016,01:54.0,114,Bronze,Men's,
200m Breast,1908,03:09.2,189.2,Gold,Men's,
200m Breast,1908,03:12.8,192.8,Silver,Men's,
200m Breast,1908,03:14.6,194.6,Bronze,Men's,
200m Breast,1912,03:01.8,181.8,Gold,Men's,
200m Breast,1912,03:05.0,185,Silver,Men's,
200m Breast,1912,03:08.0,188,Bronze,Men's,
200m Breast,1920,03:04.4,184.4,Gold,Men's,
200m Breast,1920,03:09.2,189.2,Silver,Men's,
200m Breast,1920,03:12.2,192.2,Bronze,Men's,
200m Breast,1924,02:56.6,176.6,Gold,Men's,
200m Breast,1924,02:59.2,179.2,Silver,Men's,
200m Breast,1924,03:01.0,181,Bronze,Men's,
200m Breast,1928,02:48.8,168.8,Gold,Men's,
200m Breast,1928,02:50.6,170.6,Silver,Men's,
200m Breast,1928,02:56.4,176.4,Bronze,Men's,
200m Breast,1932,02:45.4,165.4,Gold,Men's,
200m Breast,1932,02:46.6,166.6,Silver,Men's,
200m Breast,1932,02:47.1,167.1,Bronze,Men's,
200m Breast,1936,02:41.5,161.5,Gold,Men's,
200m Breast,1936,02:42.9,162.9,Silver,Men's,
200m Breast,1936,02:44.2,164.2,Bronze,Men's,
200m Breast,1948,02:39.3,159.3,Gold,Men's,
200m Breast,1948,02:40.2,160.2,Silver,Men's,
200m Breast,1948,02:43.9,163.9,Bronze,Men's,
200m Breast,1952,02:34.4,154.4,Gold,Men's,
200m Breast,1952,02:34.7,154.7,Silver,Men's,
200m Breast,1952,02:35.9,155.9,Bronze,Men's,
200m Breast,1956,02:34.7,154.7,Gold,Men's,
200m Breast,1956,02:36.7,156.7,Silver,Men's,
200m Breast,1956,02:36.8,156.8,Bronze,Men's,
200m Breast,1960,02:37.4,157.4,Gold,Men's,
200m Breast,1960,02:38.0,158,Silver,Men's,
200m Breast,1960,02:39.7,159.7,Bronze,Men's,
200m Breast,1964,02:27.8,147.8,Gold,Men's,
200m Breast,1964,02:28.2,148.2,Silver,Men's,
200m Breast,1964,02:29.6,149.6,Bronze,Men's,
200m Breast,1968,02:28.7,148.7,Gold,Men's,
200m Breast,1968,02:29.2,149.2,Silver,Men's,
200m Breast,1968,02:29.9,149.9,Bronze,Men's,
200m Breast,1972,02:21.6,141.6,Gold,Men's,
200m Breast,1972,02:23.7,143.7,Silver,Men's,
200m Breast,1972,02:23.9,143.9,Bronze,Men's,
200m Breast,1976,02:15.1,135.1,Gold,Men's,
200m Breast,1976,02:17.3,137.3,Silver,Men's,
200m Breast,1976,02:19.2,139.2,Bronze,Men's,
200m Breast,1980,02:15.9,135.9,Gold,Men's,
200m Breast,1980,02:16.9,136.9,Silver,Men's,
200m Breast,1980,02:17.3,137.3,Bronze,Men's,
200m Breast,1984,02:13.3,133.3,Gold,Men's,
200m Breast,1984,02:15.8,135.8,Silver,Men's,
200m Breast,1984,02:17.4,137.4,Bronze,Men's,
200m Breast,1988,02:13.5,133.5,Gold,Men's,
200m Breast,1988,02:14.1,134.1,Silver,Men's,
200m Breast,1988,02:15.2,135.2,Bronze,Men's,
200m Breast,1992,02:10.2,130.2,Gold,Men's,
200m Breast,1992,02:11.2,131.2,Silver,Men's,
200m Breast,1992,02:11.3,131.3,Bronze,Men's,
200m Breast,1996,02:12.6,132.6,Gold,Men's,
200m Breast,1996,02:13.0,133,Silver,Men's,
200m Breast,1996,02:13.2,133.2,Bronze,Men's,
200m Breast,2000,02:10.9,130.9,Gold,Men's,
200m Breast,2000,02:12.5,132.5,Silver,Men's,
200m Breast,2000,02:12.7,132.7,Bronze,Men's,
200m Breast,2004,02:09.4,129.4,Gold,Men's,
200m Breast,2004,02:10.8,130.8,Silver,Men's,
200m Breast,2004,02:10.9,130.9,Bronze,Men's,
200m Breast,2008,02:07.6,127.6,Gold,Men's,
200m Breast,2008,02:08.9,128.9,Silver,Men's,
200m Breast,2008,02:08.9,128.9,Bronze,Men's,
200m Breast,2012,02:07.3,127.3,Gold,Men's,
200m Breast,2012,02:07.4,127.4,Silver,Men's,
200m Breast,2012,02:08.3,128.3,Bronze,Men's,
200m Breast,2016,02:07.5,127.5,Gold,Men's,
200m Breast,2016,02:07.5,127.5,Silver,Men's,
200m Breast,2016,02:07.7,127.7,Bronze,Men's,
200m Butterfly,1956,02:19.3,139.3,Gold,Men's,
200m Butterfly,1956,02:23.8,143.8,Silver,Men's,
200m Butterfly,1956,02:23.9,143.9,Bronze,Men's,
200m Butterfly,1960,02:12.8,132.8,Gold,Men's,
200m Butterfly,1960,02:14.6,134.6,Silver,Men's,
200m Butterfly,1960,02:15.3,135.3,Bronze,Men's,
200m Butterfly,1964,02:06.6,126.6,Gold,Men's,
200m Butterfly,1964,02:07.5,127.5,Silver,Men's,
200m Butterfly,1964,02:09.3,129.3,Bronze,Men's,
200m Butterfly,1968,02:08.7,128.7,Gold,Men's,
200m Butterfly,1968,02:09.0,129,Silver,Men's,
200m Butterfly,1968,02:09.3,129.3,Bronze,Men's,
200m Butterfly,1972,02:00.7,120.7,Gold,Men's,
200m Butterfly,1972,02:02.9,122.9,Silver,Men's,
200m Butterfly,1972,02:03.2,123.2,Bronze,Men's,
200m Butterfly,1976,01:59.2,119.2,Gold,Men's,
200m Butterfly,1976,01:59.5,119.5,Silver,Men's,
200m Butterfly,1976,02:00.0,120,Bronze,Men's,
200m Butterfly,1980,01:59.8,119.8,Gold,Men's,
200m Butterfly,1980,02:01.2,121.2,Silver,Men's,
200m Butterfly,1980,02:01.4,121.4,Bronze,Men's,
200m Butterfly,1984,01:57.0,117,Gold,Men's,
200m Butterfly,1984,01:57.4,117.4,Silver,Men's,
200m Butterfly,1984,01:57.5,117.5,Bronze,Men's,
200m Butterfly,1988,01:56.9,116.9,Gold,Men's,
200m Butterfly,1988,01:58.2,118.2,Silver,Men's,
200m Butterfly,1988,01:58.3,118.3,Bronze,Men's,
200m Butterfly,1992,01:56.3,116.3,Gold,Men's,
200m Butterfly,1992,01:57.9,117.9,Silver,Men's,
200m Butterfly,1992,01:58.5,118.5,Bronze,Men's,
200m Butterfly,1996,01:56.5,116.5,Gold,Men's,
200m Butterfly,1996,01:57.4,117.4,Silver,Men's,
200m Butterfly,1996,01:57.5,117.5,Bronze,Men's,
200m Butterfly,2000,01:55.3,115.3,Gold,Men's,
200m Butterfly,2000,01:55.8,115.8,Silver,Men's,
200m Butterfly,2000,01:56.2,116.2,Bronze,Men's,
200m Butterfly,2004,01:54.0,114,Gold,Men's,
200m Butterfly,2004,01:54.6,114.6,Silver,Men's,
200m Butterfly,2004,01:55.5,115.5,Bronze,Men's,
200m Butterfly,2008,01:52.0,112,Gold,Men's,
200m Butterfly,2008,01:52.7,112.7,Silver,Men's,
200m Butterfly,2008,01:53.0,113,Bronze,Men's,
200m Butterfly,2012,01:53.0,113,Gold,Men's,
200m Butterfly,2012,01:53.0,113,Silver,Men's,
200m Butterfly,2012,01:53.2,113.2,Bronze,Men's,
200m Butterfly,2016,01:53.4,113.4,Gold,Men's,
200m Butterfly,2016,01:53.4,113.4,Silver,Men's,
200m Butterfly,2016,01:53.6,113.6,Bronze,Men's,
200m Free,1900,02:25.2,145.2,Gold,Men's,
200m Free,1900,02:31.4,151.4,Silver,Men's,
200m Free,1900,02:32.0,152,Bronze,Men's,
200m Free,1904,02:44.2,164.2,Gold,Men's,
200m Free,1904,02:46.0,166,Silver,Men's,
200m Free,1904,02:56.0,176,Bronze,Men's,
200m Free,1968,01:55.2,115.2,Gold,Men's,
200m Free,1968,01:55.8,115.8,Silver,Men's,
200m Free,1968,01:58.1,118.1,Bronze,Men's,
200m Free,1972,01:52.8,112.8,Gold,Men's,
200m Free,1972,01:53.7,113.7,Silver,Men's,
200m Free,1972,01:54.0,114,Bronze,Men's,
200m Free,1976,01:50.3,110.3,Gold,Men's,
200m Free,1976,01:50.5,110.5,Silver,Men's,
200m Free,1976,01:50.6,110.6,Bronze,Men's,
200m Free,1980,01:49.8,109.8,Gold,Men's,
200m Free,1980,01:50.8,110.8,Silver,Men's,
200m Free,1980,01:51.6,111.6,Bronze,Men's,
200m Free,1984,01:47.4,107.4,Gold,Men's,
200m Free,1984,01:49.1,109.1,Silver,Men's,
200m Free,1984,01:49.7,109.7,Bronze,Men's,
200m Free,1988,01:47.3,107.3,Gold,Men's,
200m Free,1988,01:47.9,107.9,Silver,Men's,
200m Free,1988,01:48.0,108,Bronze,Men's,
200m Free,1992,01:46.7,106.7,Gold,Men's,
200m Free,1992,01:46.9,106.9,Silver,Men's,
200m Free,1992,01:47.6,107.6,Bronze,Men's,
200m Free,1996,01:47.6,107.6,Gold,Men's,
200m Free,1996,01:48.1,108.1,Silver,Men's,
200m Free,1996,01:48.2,108.2,Bronze,Men's,
200m Free,2000,01:45.3,105.3,Gold,Men's,
200m Free,2000,01:45.8,105.8,Silver,Men's,
200m Free,2000,01:46.7,106.7,Bronze,Men's,
200m Free,2004,01:44.7,104.7,Gold,Men's,
200m Free,2004,01:45.2,105.2,Silver,Men's,
200m Free,2004,01:45.3,105.3,Bronze,Men's,
200m Free,2008,01:43.0,103,Gold,Men's,
200m Free,2008,01:44.9,104.9,Silver,Men's,
200m Free,2008,01:45.1,105.1,Bronze,Men's,
200m Free,2012,01:43.1,103.1,Gold,Men's,
200m Free,2012,01:44.9,104.9,Silver,Men's,
200m Free,2012,01:44.9,104.9,Bronze,Men's,
200m Free,2016,01:44.7,104.7,Gold,Men's,
200m Free,2016,01:45.2,105.2,Silver,Men's,
200m Free,2016,01:45.2,105.2,Bronze,Men's,
200m IM,1968,02:12.0,132,Gold,Men's,
200m IM,1968,02:13.0,133,Silver,Men's,
200m IM,1968,02:13.3,133.3,Bronze,Men's,
200m IM,1972,02:07.2,127.2,Gold,Men's,
200m IM,1972,02:08.4,128.4,Silver,Men's,
200m IM,1972,02:08.4,128.4,Bronze,Men's,
200m IM,1984,02:01.4,121.4,Gold,Men's,
200m IM,1984,02:03.1,123.1,Silver,Men's,
200m IM,1984,02:04.4,124.4,Bronze,Men's,
200m IM,1988,02:00.2,120.2,Gold,Men's,
200m IM,1988,02:01.6,121.6,Silver,Men's,
200m IM,1988,02:02.4,122.4,Bronze,Men's,
200m IM,1992,02:00.8,120.8,Gold,Men's,
200m IM,1992,02:01.0,121,Silver,Men's,
200m IM,1992,02:01.0,121,Bronze,Men's,
200m IM,1996,01:59.9,119.9,Gold,Men's,
200m IM,1996,02:00.1,120.1,Silver,Men's,
200m IM,1996,02:01.1,121.1,Bronze,Men's,
200m IM,2000,01:59.0,119,Gold,Men's,
200m IM,2000,01:59.8,119.8,Silver,Men's,
200m IM,2000,02:00.9,120.9,Bronze,Men's,
200m IM,2004,01:57.1,117.1,Gold,Men's,
200m IM,2004,01:58.8,118.8,Silver,Men's,
200m IM,2004,01:58.8,118.8,Bronze,Men's,
200m IM,2008,01:54.2,114.2,Gold,Men's,
200m IM,2008,01:56.5,116.5,Silver,Men's,
200m IM,2008,01:56.5,116.5,Bronze,Men's,
200m IM,2012,01:54.3,114.3,Gold,Men's,
200m IM,2012,01:54.9,114.9,Silver,Men's,
200m IM,2012,01:56.2,116.2,Bronze,Men's,
200m IM,2016,01:54.7,114.7,Gold,Men's,
200m IM,2016,01:56.6,116.6,Silver,Men's,
200m IM,2016,01:57.0,117,Bronze,Men's,
400m IM,1964,04:45.4,285.4,Gold,Men's,
400m IM,1964,04:47.1,287.1,Silver,Men's,
400m IM,1964,04:51.0,291,Bronze,Men's,
400m IM,1968,04:48.4,288.4,Gold,Men's,
400m IM,1968,04:48.7,288.7,Silver,Men's,
400m IM,1968,04:51.4,291.4,Bronze,Men's,
400m IM,1972,04:32.0,272,Gold,Men's,
400m IM,1972,04:32.0,272,Silver,Men's,
400m IM,1972,04:32.7,272.7,Bronze,Men's,
400m IM,1976,04:23.7,263.7,Gold,Men's,
400m IM,1976,04:24.6,264.6,Silver,Men's,
400m IM,1976,04:26.9,266.9,Bronze,Men's,
400m IM,1980,04:22.9,262.9,Gold,Men's,
400m IM,1980,04:23.4,263.4,Silver,Men's,
400m IM,1980,04:24.2,264.2,Bronze,Men's,
400m IM,1984,04:17.4,257.4,Gold,Men's,
400m IM,1984,04:18.5,258.5,Silver,Men's,
400m IM,1984,04:20.5,260.5,Bronze,Men's,
400m IM,1988,04:14.7,254.7,Gold,Men's,
400m IM,1988,04:17.4,257.4,Silver,Men's,
400m IM,1988,04:18.0,258,Bronze,Men's,
400m IM,1992,04:14.2,254.2,Gold,Men's,
400m IM,1992,04:15.6,255.6,Silver,Men's,
400m IM,1992,04:16.3,256.3,Bronze,Men's,
400m IM,1996,04:14.9,254.9,Gold,Men's,
400m IM,1996,04:15.2,255.2,Silver,Men's,
400m IM,1996,04:16.3,256.3,Bronze,Men's,
400m IM,2000,04:11.8,251.8,Gold,Men's,
400m IM,2000,04:14.2,254.2,Silver,Men's,
400m IM,2000,04:15.3,255.3,Bronze,Men's,
400m IM,2004,04:08.3,248.3,Gold,Men's,
400m IM,2004,04:11.8,251.8,Silver,Men's,
400m IM,2004,04:12.1,252.1,Bronze,Men's,
400m IM,2008,04:03.8,243.8,Gold,Men's,
400m IM,2008,04:06.2,246.2,Silver,Men's,
400m IM,2008,04:08.1,248.1,Bronze,Men's,
400m IM,2012,04:05.2,245.2,Gold,Men's,
400m IM,2012,04:08.9,248.9,Silver,Men's,
400m IM,2012,04:08.9,248.9,Bronze,Men's,
400m IM,2016,04:06.0,246,Gold,Men's,
400m IM,2016,04:06.8,246.8,Silver,Men's,
400m IM,2016,04:09.7,249.7,Bronze,Men's,
